Constituency name,ONS ID,Finance,British,English,Public,Age65andover,Age50andover,White,EcoActive,Employment,Managers,Professionals
Bishop Auckland,E14001101,19.9,49.1,60,20.9,27,57.5,98.8,76.3,70.5,,14.8
Blaydon and Consett,E14001106,16.2,46.2,56.9,30.8,27.9,61.9,99.4,78.5,77.8,8.4,19.7
Blyth and Ashington,E14001107,17.4,53.4,68,33.8,26.3,50,100,74,70.1,10.1,21.8
City of Durham,E14001173,9.1,63.2,49.3,40.6,17.9,46.3,96.5,78.2,76.8,9.4,34.1
Cramlington and Killingworth,E14001183,18.3,53.5,56.5,30.5,21.3,45.6,97.5,78.4,75.3,12.8,24.7
Darlington,E14001190,13.1,56.3,54.8,32.3,26.6,46.3,96,80.7,76.8,8.6,22.5
Easington,E14001211,14,58.3,46.5,22.9,28,53.7,98.6,70.7,70.7,5.2,16.7
Gateshead Central and Whickham,E14001244,14.4,51.1,59.3,33.5,17.7,41.2,91.2,75.5,72.2,8.3,24
Hartlepool,E14001272,14,58.8,61.4,24.1,23.3,50.8,95.2,70.9,69.4,7.7,23.1
Hexham,E14001285,18.5,47.4,57.3,22.6,31.5,57.5,98.9,70.4,68.9,23.5,23.9
Houghton and Sunderland South,E14001295,14.3,34,68.2,24.1,24.5,47.8,96.2,76.7,74.5,11.1,14.7
Jarrow and Gateshead East,E14001307,13.6,52.4,61,32.8,23.4,51.6,96.8,75.5,72.7,7.1,13.9
Middlesbrough and Thornaby East,E14001367,9.6,44.9,62.7,23.5,15.4,38.6,77.3,68,62.2,6.5,18.1
Middlesbrough South and East Cleveland,E14001368,10.9,49.8,70.7,29.2,27.7,51.8,97.1,75.9,70.4,5.8,26
Newcastle upon Tyne Central and West,E14001377,12.2,47,39.5,30.8,20.3,38.7,84,66,63.7,8.2,26.6
Newcastle upon Tyne East and Wallsend,E14001378,16.8,67.4,50.3,32.3,18.7,38.7,90.1,72.8,64.4,2.6,26.5
Newcastle upon Tyne North,E14001379,15,65.7,48.9,39.5,16.7,34.7,91.8,80.5,76.8,8.1,41.6
Newton Aycliffe and Spennymoor,E14001382,9.2,58.5,47.7,24.8,24.1,42.9,99.4,75.7,71.6,4.2,21.8
North Durham,E14001389,11.6,40.3,66.8,34.6,28.9,60.4,97.8,71.5,68.6,10.7,34.5
North Northumberland,E14001397,14.4,62.4,57.3,21.7,33.7,63.5,100,72.5,69.6,10.5,17.5
Redcar,E14001440,11.3,52.4,76.1,27.6,28.2,51.3,98.1,74.2,69,8.6,23.2
South Shields,E14001492,14.1,42.3,60,27.5,26.5,49.3,90.6,69.2,63.6,7,25.6
Stockton North,E14001518,9.1,57.5,64,22.3,22.9,45.2,86.6,71.6,68.5,4.1,22.7
Stockton West,E14001519,14.5,60.6,60.3,34.6,26.3,57.4,95.1,81,79.4,11.3,32
Sunderland Central,E14001531,16,33.5,66.4,37,25.4,53.9,86.9,71.1,71.1,6.3,23.5
Tynemouth,E14001557,16.2,59.7,48.9,38.4,25.9,52.9,96,78.3,75.5,5.8,30.6
Washington and Gateshead South,E14001567,15.8,31,73.7,27.3,27,57.5,96.2,78.4,74.1,7.6,11.2
Altrincham and Sale West,E14001065,24.8,61.3,37.7,24.2,27,50.3,79.7,78.7,76.2,11.3,45.8
AshtonunderLyne,E14001070,22.1,36.7,69.1,19.9,16.8,37.7,84.9,75.6,71,10.6,16.8
Barrow and Furness,E14001076,3.9,68.2,41.2,21.6,30.7,56.4,99.7,70.6,69.2,3.9,23.5
Birkenhead,E14001091,8.9,67.6,41.3,28,20.6,46.6,87.4,67.1,63.6,6.3,18.6
Blackburn,E14001102,13,53.4,28,22.5,16.7,40.2,54,67.9,64.5,4.5,15.9
Blackley and Middleton South,E14001103,19.8,44.4,40.4,20.8,23.6,45.7,60,72.5,62.3,7.4,18
Blackpool North and Fleetwood,E14001104,18.6,62.8,40,22.9,29.6,55.8,95.6,85.1,82.3,19.3,15.7
Blackpool South,E14001105,10.5,59.4,38.2,27.1,26.8,51.7,92.5,67.1,62.5,8.2,20.1
Bolton North East,E14001110,23.2,60,57.1,25.3,28.4,47,94.9,64,55.4,,29.8
Bolton South and Walkden,E14001111,19.5,48.4,39.5,14.2,14.3,43.9,74.9,65.4,49.8,13.4,14.9
Bolton West,E14001112,17.4,54.6,47.2,26.9,28.4,54.6,80.7,82.7,81.7,13.7,21.9
Bootle,E14001113,19.5,57,55.4,34.3,20.6,49.4,89.1,72.7,70.2,4.9,22.1
Burnley,E14001142,5.8,52.3,45.2,28.3,16.1,38.3,81.3,80.8,78.1,9.5,18.8
Bury North,E14001144,16.9,52,61,28.8,24.2,47.7,94.5,76,73.3,10.8,27.8
Bury South,E14001145,21.9,44.8,61,27.9,19.4,40.9,85.9,64,61.5,9.7,30
Carlisle,E14001152,11.9,55.1,40.5,27.6,20.5,49.6,97.1,84.5,81.8,9,16.5
Cheadle,E14001158,23.1,51.3,42.5,29.2,29.6,52.8,82.1,81.1,78.7,23.4,36.2
Chester North and Neston,E14001163,27.8,51.7,33.3,25.4,18.5,47.7,95.4,85.5,84.5,10.6,36.4
Chester South and Eddisbury,E14001164,31.3,79.3,17.8,19.2,26.8,65.2,95.2,79.9,79.9,30.3,32.2
Chorley,E14001170,16.9,59.1,47.7,25.9,27.6,59,97,82.5,81.2,16.5,27.2
Congleton,E14001178,31.9,35.8,66.5,24.2,25.2,51.3,99.3,89,87.8,13.3,25.6
Crewe and Nantwich,E14001185,19.5,31.1,73.4,16.7,20.3,51.1,91.4,89.4,85.6,6.3,10.6
Ellesmere Port and Bromborough,E14001222,7.9,49.2,57.8,35.5,26.9,48.8,96.6,80,77.4,4.8,23.6
Fylde,E14001242,13.9,76.7,41,39.3,34.5,61.4,89.2,70.9,70.9,8.7,33.2
Gorton and Denton,E14001251,21.2,43.2,42.4,24.4,9.7,32.8,58.6,66.1,62.2,7.2,15.7
Hazel Grove,E14001277,20.1,42.1,62.6,29.4,26.8,50.3,97.3,84.6,81.5,10.8,22.2
Heywood and Middleton North,E14001286,15.7,52.1,52.5,30.6,25,44.5,86.5,76,72,7.9,29.8
Hyndburn,E14001299,13.1,58.5,49.3,18.1,15,34.6,87.7,81.5,80,9.2,19.5
Knowsley,E14001317,8.8,45.1,65.3,36.9,23.5,49.2,91.7,74.7,67.3,11,20.6
Lancaster and Wyre,E14001318,9.1,58.1,40.3,30.6,23.3,43.4,96.7,79.8,74.8,22.3,28.2
Leigh and Atherton,E14001329,8.4,48.7,52.3,16.8,22.4,52.6,93.5,67.9,67.9,6.6,15.4
Liverpool Garston,E14001337,24.4,49.2,56.3,27.6,23.7,47.7,90.7,76.3,74.2,12.5,28.3
Liverpool Riverside,E14001338,13.6,55.5,50.2,38.3,14.4,36.5,87.3,62.8,52.6,,31.2
Liverpool Walton,E14001339,16.5,51.6,63.6,24.4,12.2,37.5,93.7,68.7,63.8,,13.2
Liverpool Wavertree,E14001340,20.2,72.8,26.7,54.5,21.9,39.6,86.9,70.5,70,5.7,35.1
Liverpool West Derby,E14001341,14,43.4,52.1,25.3,17.4,45.1,84.4,78.6,72.7,8.8,26.1
Macclesfield,E14001347,20.7,21.2,68.5,17.2,28.9,47.3,99,83,79.7,,56.4
Makerfield,E14001350,15.8,57,53,27.8,25.1,46.3,97.1,62,59.4,8.9,22.4
Manchester Central,E14001352,18.4,37.2,39.6,9.4,7.2,27.3,59.7,70.9,60.7,12.7,20.6
Manchester Rusholme,E14001353,19.8,44.4,19.4,11.3,5.7,23.9,52.2,79.3,76.2,,24.1
Manchester Withington,E14001354,22,58.2,29.8,27.4,9.6,32.7,78.6,73.3,70.9,7.3,44.5
Mid Cheshire,E14001361,9.4,59.1,42.5,,19.2,47.4,93.4,78.3,74.1,11.7,17.2
Morecambe and Lunesdale,E14001372,9.6,61.9,29.9,20,31.1,61.4,97.5,79.8,77.7,6.3,18.5
Oldham East and Saddleworth,E14001415,16.4,48.4,70.7,27.4,27,54.1,90.1,82.7,78.3,13.8,21.9
"Oldham West, Chadderton and Royton",E14001416,19.8,53.5,57.4,26.7,17.2,40.9,64.5,74.7,72.7,5.7,18.8
Pendle and Clitheroe,E14001422,,54,38.5,20.1,22.4,41.9,75.9,67.9,60.7,,22.7
Penrith and Solway,E14001424,11.4,63.5,44.7,20.3,31.6,60.6,99.3,81.8,79,8.6,17.9
Preston,E14001433,26.2,57.1,28.8,25.7,19.6,30.2,68.8,75.9,74.4,8,14.2
Ribble Valley,E14001443,16.6,57.2,47.3,27.8,26,65.9,95.9,68.5,67.1,9.7,37.6
Rochdale,E14001446,16.5,41.6,55.8,23.2,20.8,43.9,70,77.5,72.6,8.1,20.6
Rossendale and Darwen,E14001450,9.8,61.1,53.1,26.9,30,62.4,97.6,75.6,74.1,4.4,24.1
Runcorn and Helsby,E14001455,19.2,63.2,44.4,25,23.6,50.6,96.8,72.2,67.6,9.8,26.9
Salford,E14001459,25.4,55.2,27.4,25.2,16.9,29.1,73.4,81.9,79.9,10.7,33.5
Sefton Central,E14001463,8.6,58.3,53,35.2,35.3,58.9,97.5,80.7,78.1,7.7,29.4
South Ribble,E14001491,12.8,53,50.9,27.2,20.4,47.8,93.5,81.2,81.2,7.9,27.1
Southport,E14001504,18,51.5,55.5,29.5,31.6,57.2,94.9,88.5,87.9,10.9,24.9
St Helens North,E14001509,15.7,47,66.3,23.9,32.4,47.1,99.2,82.1,80,8.7,36.3
St Helens South and Whiston,E14001510,8.2,48.4,58.5,32.3,18.3,46.5,93.7,70,66.7,9.8,23.4
Stalybridge and Hyde,E14001515,20.7,46.2,70.9,22,29.1,52.2,93.3,80.1,78.8,6.3,22.6
Stockport,E14001517,14.8,41.2,51.5,22.2,19.8,43,91.1,75.9,68.6,12.9,28.8
Stretford and Urmston,E14001528,16.2,54.8,46,33.6,14.8,43.6,84.6,84.2,81.1,7.6,38.1
Tatton,E14001539,29.4,37.4,72,12.8,36.5,63.5,91,75,72.1,12.8,28.4
Wallasey,E14001561,22.6,56.5,53.3,29,26.4,54.4,98.6,79.3,77.6,13.6,24.8
Warrington North,E14001564,24.8,47,67.5,30.6,27.5,56.2,93.5,74.6,71.1,7.2,24.7
Warrington South,E14001565,16.4,41.7,60.3,14.8,27,53,95.2,81.9,80.8,11,14.2
West Lancashire,E14001577,16.8,65,37,19.3,31.5,59.8,97.8,83.1,77.7,9.7,20.7
Westmorland and Lonsdale,E14001580,10,64.5,43.9,16.4,35.9,58.5,97.6,86.2,84.7,6.9,16.8
Whitehaven and Workington,E14001583,12.4,60,46.9,27,29.2,61.8,98.8,80,80,7,14.1
Widnes and Halewood,E14001584,11.5,59.3,57,28.8,25.3,54.5,100,71.9,66.1,9.5,20.4
Wigan,E14001585,10.4,51,59.6,21.6,26.9,55,94.3,80.5,77.7,5.9,14
Wirral West,E14001589,12.3,67.8,50,34.4,32.1,62.8,99.4,83,82.3,17.1,26.8
Worsley and Eccles,E14001598,22.7,42.1,50.1,27.9,18.8,48.8,92.2,76.4,75.4,7.7,34.4
Wythenshawe and Sale East,E14001602,22.1,50.8,33.7,16.8,13.6,34.2,83.6,77,75.8,9.2,43
Barnsley North,E14001074,11.4,52.5,48.9,20.3,24.2,49.4,95.7,79.2,77.8,11.8,20.6
Barnsley South,E14001075,8.3,38.4,56.8,17.9,24,48.9,92.3,72.2,67.2,6.8,16.6
Beverley and Holderness,E14001087,12.1,43.6,57.7,21,37,69.4,99.5,75.2,73.5,6.7,32.7
Bradford East,E14001118,13.8,70.1,29.7,28.2,15.3,34.4,62.9,68,64.5,,12.8
Bradford South,E14001119,,63.7,43.2,25.6,28.1,55,69.3,68.8,65.4,7.8,20.2
Bradford West,E14001120,16.2,70.8,26.8,35.1,18.4,35.7,31.6,73.7,58.2,10.5,15.5
Bridlington and The Wolds,E14001127,16.2,53.9,52.8,25.5,37.1,65.2,98.4,70.4,70.4,12.7,19.4
Brigg and Immingham,E14001128,10.3,50.8,62.3,16.4,28.7,54.7,97,79.5,74.8,9.1,20
Calder Valley,E14001147,15.6,57.1,46,28.7,25.6,55.9,95.2,80.1,79.5,12,21.4
Colne Valley,E14001177,9.8,62.6,44,31.9,20,45.7,97.5,79.5,77.1,11.7,24.2
Dewsbury and Batley,E14001196,12.1,67.9,34.2,22.2,11.6,37.3,63.1,67.1,67.1,8.8,24.1
Doncaster Central,E14001198,7.5,59.4,50.1,23.5,21.4,42.4,86.6,75.2,73.2,8,14.9
Doncaster East and the Isle of Axholme,E14001199,18.4,56.3,62.4,24.1,25.8,50.4,95.3,77.5,75.1,9.1,12.5
Doncaster North,E14001200,15,41,60.7,15.9,24.3,49.7,95.4,88,81.8,3.8,11.8
Goole and Pocklington,E14001250,15.3,47.1,53.8,24.4,26.1,49.7,95.6,83.3,82.8,12.3,35.6
Great Grimsby and Cleethorpes,E14001255,7.4,56.6,59.2,18.9,27.2,49,98.3,72.8,69.2,6,19.5
Halifax,E14001262,21.3,57.2,50.6,19.8,18.3,45,86.1,68.3,67.1,10.6,22.2
Harrogate and Knaresborough,E14001269,24.1,62.8,44.7,19.9,29.3,56.4,96.7,81.1,80.5,11.4,29
Huddersfield,E14001297,13.7,62.4,25.8,19.9,16.9,42,62.9,82.1,75.4,6.7,18.7
Keighley and Ilkley,E14001308,15,67.1,37.8,24.7,21.1,46,77.3,76.8,76.8,7.2,24.2
Kingston upon Hull East,E14001313,19.3,42.2,57.7,27.7,14,36.3,97.9,78.2,74.8,8,11.6
Kingston upon Hull North and Cottingham,E14001314,7.6,44.9,56.1,28.9,22.1,51.3,92.2,72,69.8,9.9,23.6
Kingston upon Hull West and Haltemprice,E14001315,9.1,39.4,59.8,21.6,17.5,49.6,91,75.6,75.6,6.1,17.5
Leeds Central and Headingley,E14001319,8.2,76.3,48.9,41.9,10.6,25.5,88.4,61.9,61.9,8.6,48.8
Leeds East,E14001320,9,51.1,44,29.3,18,36.5,77.5,62.6,59,6.4,29.2
Leeds North East,E14001321,19,65,37.4,39.3,20.4,43.1,86.8,81.7,81.7,8.4,49.5
Leeds North West,E14001322,24.6,51.5,53.1,31.2,24.1,50.4,93.6,81,81,8.9,30
Leeds South,E14001323,12.6,52.2,45.8,25.7,7,26.1,73.6,63.4,61.5,,14.9
Leeds South West and Morley,E14001324,26.7,54.6,54.5,16.7,17.9,41.6,91.9,81.6,79,13.8,24.1
Leeds West and Pudsey,E14001325,24.1,64.9,40.1,25.3,16.5,34.1,72.7,65.5,63.9,,30.1
Normanton and Hemsworth,E14001383,17.8,54.9,55.3,28,22.3,53,98.4,67.4,66.4,7.4,19.5
Ossett and Denby Dale,E14001418,17.4,67.6,55.2,19.1,32,55.2,96.2,80.3,79.2,12,28.1
Penistone and Stocksbridge,E14001423,17.2,54.2,55.1,21.4,22.7,51.1,96.9,79.9,76.1,12.5,29.4
"Pontefract, Castleford and Knottingley",E14001428,17.9,61.1,61.8,17.9,28.4,46.7,95,85.7,85.7,4.3,19.8
Rawmarsh and Conisbrough,E14001436,11.9,43.7,71.6,24.5,33.3,52.9,98.5,70.8,66.7,7.4,10.4
Richmond and Northallerton,E14001444,13.1,72.2,61.8,20.8,27,50.5,97.7,77.7,76.2,20.4,15.7
Rother Valley,E14001451,14.8,62.6,61.2,25.3,27,53.9,92.7,77.5,74.6,9.4,20.9
Rotherham,E14001452,18.6,52.6,52.4,24.3,24.3,47,86.5,62,58.3,11.6,21.4
Scarborough and Whitby,E14001461,8.2,63.3,52.1,27.8,32.4,61,96.5,86.9,86.9,12.3,15.2
Scunthorpe,E14001462,11.3,46.2,55.3,18.3,23.7,46.1,95.7,76,73.3,7.4,20.4
Selby,E14001464,28.2,43.5,57,10.4,28.5,49.3,96.5,81.6,78.2,15.6,29.6
Sheffield Brightside and Hillsborough,E14001466,7.2,55.6,28.8,33.6,14.8,33.2,50,72.9,72.4,5.7,22.4
Sheffield Central,E14001467,7.1,68.6,13.5,42,14.9,35.2,70.4,78.5,78.5,,42.6
Sheffield Hallam,E14001468,16.1,69.7,30,31.7,22.2,55.6,94.6,78.5,77,22.2,29.8
Sheffield Heeley,E14001469,17.2,72.7,22.2,28.5,16.4,37.7,79.4,72.2,71.5,9.2,29.4
Sheffield South East,E14001470,8.8,76.6,25.3,22.1,19.6,46.2,88.2,67.7,64.3,7.1,16.7
Shipley,E14001472,19.4,76.6,57.3,44.5,34,62.2,98.2,78.8,73.7,9.6,50
Skipton and Ripon,E14001475,16.2,55,56.2,18.8,30.6,60.7,99.2,75.5,75.5,14.6,28.6
Spen Valley,E14001506,11.5,60.7,50.4,22.5,25.1,53.3,97.1,72.3,70.1,6.9,18
Thirsk and Malton,E14001544,17.1,58.5,52.3,19.7,31.2,63.8,99,86.8,83.7,15.8,16.3
Wakefield and Rothwell,E14001560,21.4,49.3,64.9,16.6,15.9,36.1,91.9,77.9,76.2,7,29.9
Wetherby and Easingwold,E14001582,24.9,77,44.5,12.3,38.9,69.3,94.5,64.7,63.9,27.8,29.9
York Central,E14001604,18.2,59.5,37.4,32,19.4,40.1,94.2,81.1,80.2,8,39.7
York Outer,E14001605,20.1,68,37.8,33,26.3,55.1,94.8,78.9,74.4,15.1,31
Amber Valley,E14001066,13.4,64,47.9,20.3,20.7,41.8,98.7,79.6,76,8.7,17.9
Ashfield,E14001068,12.6,53.8,52.5,17.9,28.2,49.5,89.5,77,71.7,3.6,13.3
Bassetlaw,E14001079,14.5,53.5,67.4,13.1,32.1,64.6,95.7,81.2,80.4,23.1,15.7
Bolsover,E14001109,15.5,58.5,67.4,29.4,29.7,59.9,98.1,82.5,78.5,9.9,15.5
Boston and Skegness,E14001114,11.4,57.1,50,17.3,27.3,60.2,94.4,64.8,63.5,12.4,8
Broxtowe,E14001140,20,58.2,33.7,26.7,16,41.7,93.7,85,78.1,8.3,39.6
Chesterfield,E14001165,16.3,69.4,41.9,30.7,27.2,50.1,96.9,79,79,11.4,20.9
Corby and East Northamptonshire,E14001179,11.8,56.4,34.6,10.9,28.7,46.2,98.4,90.7,88.3,7.2,21.4
Daventry,E14001192,21.8,43.4,54.1,20.8,27.3,61,93.4,81,79.7,11,27.9
Derby North,E14001193,12,57.3,36.8,29.1,25,42.8,81.1,76,72.4,7.3,29.5
Derby South,E14001194,2,50.6,19.9,20.5,16.9,43.1,61.7,78.1,74.2,3.3,18.1
Derbyshire Dales,E14001195,19.7,53.6,47.1,28.6,31.6,59.3,99,80.4,79.1,17.7,29.7
Erewash,E14001228,6.1,42,49,22.7,17.9,45,91.2,85.5,82.9,9.3,22.2
Gainsborough,E14001243,21.8,57.2,44.6,24.3,27.6,50.4,90.9,75.1,63.6,11,23.1
Gedling,E14001245,14.3,65.6,37.7,22.8,22.4,50.2,90.1,82.9,78.1,11.8,28.8
Grantham and Bourne,E14001253,16.7,62.4,71.1,21.1,31.9,62.9,94.8,64,59.5,,18.6
"Harborough, Oadby and Wigston",E14001266,26.1,65.9,26.5,22.7,21.9,46.4,79.6,85.4,81.8,11.9,30.8
High Peak,E14001287,9.3,41.1,72.7,35.8,21.5,44.5,96.2,76.5,75,10,37.8
Hinckley and Bosworth,E14001288,18.7,48.5,52.8,22,25.3,51.6,100,89.7,87.5,12.4,21.1
Kettering,E14001311,11.1,41.5,56.8,14.3,25,55,85.3,74.3,73,10.8,19.7
Leicester East,E14001326,15.1,62.7,12.6,19.5,21,42.8,21.6,73.2,63,4.7,8.7
Leicester South,E14001327,10.2,58.5,18.3,28.8,12.2,31.1,34.9,72.9,69,8.5,17.8
Leicester West,E14001328,13.2,42.9,35.2,34.9,15.6,38.8,59,80.7,77.5,4.8,21.8
Lincoln,E14001336,6.2,56.9,42.8,30.1,12,30.6,84.7,77.8,75.4,8.2,24.3
Loughborough,E14001342,11.6,49.1,37.4,37.1,18.5,46.2,86,77,73.7,12.9,29
Louth and Horncastle,E14001343,6.9,61.8,50.1,27.4,42.3,73,95.8,78.2,73.3,,27.6
Mansfield,E14001355,8,71.2,27.1,25.7,23.7,46,87.6,77.6,72.2,19.3,20.4
Melton and Syston,E14001357,16.6,56.7,51.3,15.9,30.4,50.8,95.6,82.2,82.2,13.3,13.1
Mid Derbyshire,E14001362,8.7,40.1,53.1,29.2,31.3,55.4,90,83.4,79.1,18.9,20.8
Mid Leicestershire,E14001364,15.1,59.2,41.6,27.3,23,51,82.1,88,86.7,11.8,21.8
Newark,E14001375,13.1,62,39.4,16.3,27.5,52.4,93,84.4,80.3,9.9,25.3
North East Derbyshire,E14001391,20.8,63,42.6,31.7,32.4,50,100,66.6,66.6,,31.2
North West Leicestershire,E14001404,18.3,70.2,32.3,28.7,29.5,51.6,94.9,81.3,81.3,11.4,21.6
Northampton North,E14001406,12.1,32.8,42.2,22.9,17.3,33.4,67.8,75.4,73.3,10,19.8
Northampton South,E14001407,9.9,26.2,49.6,18.1,16.5,33.8,79.6,84.6,77.6,8.7,21.6
Nottingham East,E14001410,17.2,53.2,36,21.2,14.3,32.8,74,70.1,67.1,8.9,31.3
Nottingham North and Kimberley,E14001411,16,37.4,33.8,18.9,20.9,41.8,74.3,74.7,68.9,5.8,14.9
Nottingham South,E14001412,10,45.2,41,24.8,22.3,37.5,75.7,73.2,67.1,4.6,24.8
Rushcliffe,E14001457,12.3,73.6,42,28.3,23.1,54.5,92.6,80.2,78.2,18.3,36
Rutland and Stamford,E14001458,15.1,71.8,39.5,21.1,28.5,65.9,98.2,79.6,72.8,18.9,28.8
Sherwood Forest,E14001471,12.1,57,52.3,30.4,18.4,48.7,88.3,77.4,73.7,9.3,25.4
Sleaford and North Hykeham,E14001476,10.3,56.3,57.4,24.2,29.5,55.7,97.5,88.3,85.9,3.5,26.5
South Derbyshire,E14001483,15.7,47.8,56.8,14,22.6,59.3,98.4,83.3,82.3,13.8,20.1
South Holland and The Deepings,E14001487,10.4,42.3,47.6,16.9,31.9,51.1,96.9,75.9,75.3,12.3,7.4
South Leicestershire,E14001488,6.9,43.8,61,29.6,20.9,47,96.3,84.6,81.6,12.1,25.4
South Northamptonshire,E14001490,17,34.9,58.9,12.3,32.4,59.2,96.3,88.7,85.9,13.7,23.4
Wellingborough and Rushden,E14001571,14.6,48.9,45.5,13.8,24.4,60.2,91.7,78.8,78.8,11.8,10.7
AldridgeBrownhills,E14001064,17.2,46.5,67.3,24.9,31,58,93.2,86.6,84.3,10.5,24.1
Birmingham Edgbaston,E14001092,22.3,60.3,17.5,15.8,18.2,35.3,49.3,71.8,70,8.1,39.5
Birmingham Erdington,E14001093,13.7,74.8,27.6,13.4,11.3,36.9,55.4,59.8,53.4,6.4,11.8
Birmingham Hall Green and Moseley,E14001094,21.6,78.6,17.3,12.7,19.7,28.6,49.8,74.9,71.1,,31.5
Birmingham Hodge Hill and Solihull North,E14001095,15,57.5,27.3,13.3,14.1,28.7,50.1,64.1,59.8,3.7,10.2
Birmingham Ladywood,E14001096,29.7,45.5,11.5,19.3,7.8,16.8,34.3,78.4,74.1,,52.4
Birmingham Northfield,E14001097,4.7,58.6,26.6,33.5,14.9,40.5,75.7,83.3,78.4,9.9,33.2
Birmingham Perry Barr,E14001098,25.1,70.7,18.5,31.2,12.8,47.5,22.5,67.1,56.9,,35.4
Birmingham Selly Oak,E14001099,19.2,62.4,29.5,18.6,15.1,27.6,69.5,78.2,73,11.4,30.4
Birmingham Yardley,E14001100,12.5,73.4,12.6,19,10.7,35.8,29.5,61.9,58.3,4.7,17.5
Bromsgrove,E14001138,15.6,75.7,57.7,26.8,25.1,48.6,92.7,82.9,81.2,13.7,33
Burton and Uttoxeter,E14001143,5,40.8,44.5,25.3,22.4,49.6,91.2,86.3,86.3,14.2,16
Cannock Chase,E14001150,14.8,36.5,76.4,25.7,15.8,47.2,100,81.2,79.9,12.8,11.4
Coventry East,E14001180,14,46.4,22.5,26.4,15.2,35.3,59.9,71.2,66,7.2,20.2
Coventry North West,E14001181,14.9,52.8,33.8,23.8,16.6,41.6,72.2,86,78.8,9.8,28.4
Coventry South,E14001182,15.6,40.2,27,31.6,15.6,36.6,66.2,77,74.4,6.2,35.1
Droitwich and Evesham,E14001203,12.1,56.7,57.3,15.5,30.2,48.2,100,74.1,73.2,16.4,19.5
Dudley,E14001204,16.2,53,69.8,32,22.3,45.6,88.6,78.2,75.5,7.1,19.8
Halesowen,E14001261,19.8,66.5,44.3,21.1,17.7,41.7,77.5,74.5,73.8,5.4,28
Hereford and South Herefordshire,E14001281,9.2,46.4,46.8,25.4,28,54.3,94.1,82.5,80.3,4,22.1
Kenilworth and Southam,E14001309,28,62,42.7,7.1,27.5,56.9,91.6,79.1,78.2,15.2,18.8
Kingswinford and South Staffordshire,E14001316,11.8,44.8,57.4,11.3,39.1,54.6,91.5,86,80,21.5,9.3
Lichfield,E14001335,21.7,53,49.9,16.1,28.8,52.3,98.9,75.8,75,11.2,29.2
Meriden and Solihull East,E14001358,19.8,80.6,57.1,26.2,25.4,49.5,89.6,74.7,73.1,9.3,27.4
NewcastleunderLyme,E14001380,6.9,44.6,67.5,23,29.5,49.5,95.6,97.6,95,7.6,29.8
North Herefordshire,E14001395,21.9,54.3,51.5,13.5,39.5,69.3,99.1,83.2,82.8,14.9,19.4
North Shropshire,E14001398,9.6,70.5,24.7,26.8,27,54.2,98.7,87.1,85.6,12.5,21.9
North Warwickshire and Bedworth,E14001400,8.8,51.1,39.6,20.3,33.2,63,85.2,73.4,73.4,5.3,21.1
Nuneaton,E14001413,11.2,56.9,40.4,24.8,18.4,44.2,87.4,80.1,79.2,12.6,17.9
Redditch,E14001441,13.2,69.2,51.2,18.4,22.8,53.3,91.7,86.7,83.8,4.7,28.6
Rugby,E14001453,15.4,54.4,38,23,23.9,47.3,83.9,82.6,81.4,11.3,25.7
Shrewsbury,E14001473,14.7,77.2,18.4,22.3,23.4,45.7,96.7,82.5,80.7,10,31.4
Smethwick,E14001478,8,55.5,41.6,28.8,21.5,39.4,64.7,82.5,80.3,4.4,15.9
Solihull West and Shirley,E14001479,22.2,70.3,44.2,22.8,27.9,51.9,78.8,82.2,78.8,14.7,30.9
South Shropshire,E14001493,25.1,54.2,44.9,9.9,35.1,61.7,98.4,79.7,77.7,11.8,15.5
Stafford,E14001513,17.3,34.3,70.2,36.5,27.7,52.4,96.6,84.8,84.8,10.3,33.7
Staffordshire Moorlands,E14001514,,40.2,73.5,14.9,29.7,55.1,100,78,75.5,32.1,16.6
StokeonTrent Central,E14001520,18,36.9,60.4,21.7,23.4,51.6,86.3,75.3,73.3,6.6,20.6
StokeonTrent North,E14001521,7.1,41.9,63.3,29.7,25.3,47.9,91.5,83,78.1,8.7,13
StokeonTrent South,E14001522,22.7,47.6,63.7,17.5,30.8,56.8,99.6,77.9,75.5,6.8,22.2
"Stone, Great Wyrley and Penkridge",E14001523,,50.7,71.9,30.9,21.6,62.1,91.8,65.8,65.8,26.1,27.1
Stourbridge,E14001524,23.2,63,49.5,15.7,21.8,47.2,90.5,81.1,78.6,9,22.8
StratfordonAvon,E14001526,17.4,60.7,41.6,14.9,29,51.8,88.9,85.8,82.1,16.6,33.8
Sutton Coldfield,E14001535,20.7,86.3,28,25.5,23.3,50.7,77.3,80.2,79.2,17.3,42.6
Tamworth,E14001538,5.3,57.1,43,12.7,20.8,41.4,95,78.6,77.9,8.8,10.4
Telford,E14001541,12.2,43.6,49.1,16.4,19.8,45.2,88.1,78.3,74.6,7.8,25.2
The Wrekin,E14001543,16.7,46.8,50.2,30.3,30.9,60.3,94.8,77,76.7,8.6,27.6
Tipton and Wednesbury,E14001547,7.8,40.5,67,26.1,19.2,42.6,79.3,58,52,4.5,18.6
Walsall and Bloxwich,E14001562,7.5,48.3,40.2,14.4,20.9,41.3,74.6,74.7,69.7,,12.6
Warwick and Leamington,E14001566,16.4,69.2,34,23.9,20.2,40.5,81.7,92.6,90.4,10.9,39
West Bromwich,E14001574,25.6,52.4,41.7,17.8,26,45,59.2,74.1,69.3,4.6,15.8
West Worcestershire,E14001579,30.2,68.2,51,21.9,35.4,62,99.3,86.3,83.6,16.5,35.9
Wolverhampton North East,E14001594,9,51.8,53.4,21.4,25.3,42.6,79.1,65,57.6,8.8,23.7
Wolverhampton South East,E14001595,25,41.8,53.4,20.7,23.4,52.5,74.3,66.3,63.4,,17.4
Wolverhampton West,E14001596,14.9,58.2,31.9,23.2,30.1,52,59.5,78.8,72.1,8.1,40.5
Worcester,E14001597,14.1,59.8,44.9,18.3,23.1,51.3,92.9,80.1,78.7,11.8,17.3
Wyre Forest,E14001601,18.5,53.2,60.6,28.2,28.7,48,96.7,91.8,90.5,14.5,20.1
Basildon and Billericay,E14001077,37.5,27.8,64.8,18.4,17,42.8,89.8,73.8,68.5,10.1,22.6
Bedford,E14001084,24.6,44.7,27.1,28.2,16.2,37.2,76.7,86.6,82.4,8.5,23.2
Braintree,E14001121,24,44.1,60.2,30.3,29.7,65.1,95.5,73,73,11.8,24.6
Brentwood and Ongar,E14001125,22,42.7,57,20.6,29.1,50.1,94.6,82.6,82.6,19.4,29.8
Broadland and Fakenham,E14001136,18,50.6,59.9,27.8,27.6,49.9,97,69.8,66.9,18.9,19.4
Broxbourne,E14001139,18.5,54.3,31.4,19.1,24,42.3,86.5,80,76.8,12.5,35.3
Bury St Edmunds and Stowmarket,E14001146,20.6,71.5,50.5,11.7,29.2,58.3,98.5,69.8,66.6,,24.3
Cambridge,E14001149,15.9,45.4,25.2,39.3,11.4,34.3,75.4,76.6,69.9,6.3,47.6
Castle Point,E14001154,16.7,58.2,63.8,16.8,31.9,53.8,97.7,87.9,84.2,12.5,13.9
Central Suffolk and North Ipswich,E14001156,14.4,46,51.7,25.7,24.3,56.2,88.3,76.2,72.4,15.3,20.2
Chelmsford,E14001159,31,48.8,56.4,15.1,25.2,41.7,91.1,83.1,83.1,17.8,29.1
Clacton,E14001174,12,53.6,52.3,31.4,32.6,64.2,98.4,55.5,54.2,6.2,19.2
Colchester,E14001176,10.7,67.5,37.9,30.3,11.8,29.9,78.1,85.5,84,11.4,22.8
Dunstable and Leighton Buzzard,E14001206,28.4,52.9,44.1,22,24.4,43.9,89.3,86.1,84.3,8.7,19.8
Ely and East Cambridgeshire,E14001224,20,63.4,39.4,24.3,22.9,67,95.7,87.7,87.7,9.8,22.8
Epping Forest,E14001226,40.2,43.7,50.3,14.4,20.9,46.5,78.7,79.9,79,13,37.9
Great Yarmouth,E14001256,14.3,41.9,62,24.2,27.4,60.3,94.9,71.4,71.4,,10
Harlow,E14001267,24,59.2,46.9,19.8,17.1,44.4,83.7,72.8,66.6,,34.6
Harpenden and Berkhamsted,E14001268,24.5,77.1,35.9,24.7,24.1,44.5,97.9,85.6,77,22.8,40.4
Harwich and North Essex,E14001273,32,62.9,58.4,28.5,26.1,52.5,95.5,73,73,11.3,36.1
Hemel Hempstead,E14001278,30.5,51.6,38.6,18,23.8,46.1,88.2,83.1,83.1,14.6,19.4
Hertford and Stortford,E14001283,29.2,62.2,61.8,24.6,16.9,39.1,92.6,81.7,79.4,11,53.7
Hertsmere,E14001284,16.5,42,43.8,14.2,26.2,57.9,91.3,73.8,68.2,4.9,15.4
Hitchin,E14001289,22.1,74.8,40.1,33.4,22.1,39.4,86.6,78.9,77.9,8.3,38
Huntingdon,E14001298,12.4,51.6,57.5,25.3,26.3,53.6,87.6,88.9,84,30.6,22.9
Ipswich,E14001302,15.7,69.9,30.8,29.2,20.2,38.8,86.2,77.8,69.5,14.4,33.7
Lowestoft,E14001344,,46.2,59.8,27.6,31.5,57.9,97.8,70.5,62.1,6.6,9.6
Luton North,E14001345,14.4,67.3,13.8,27.2,14.7,42.2,57.4,69.2,66.1,7.7,18.9
Luton South and South Bedfordshire,E14001346,9.1,52.5,24,25.2,20.6,44.3,69,78.9,72,6.2,23.7
Maldon,E14001351,36,33.7,74.3,17.8,35,60.4,93.5,89.2,89.2,,25.3
Mid Bedfordshire,E14001359,18.1,57.3,40.3,24,20.5,47.3,89.3,83,82.2,10.1,40.5
Mid Norfolk,E14001365,23.6,59.9,56.6,22.8,26.8,53.2,99.2,72.4,71.2,3,28.4
North Bedfordshire,E14001384,11.4,55.4,53.9,24.1,24.6,54,94.9,85.7,82.7,10.5,25.7
North East Cambridgeshire,E14001390,11.5,41.7,52.8,11.1,35.6,55.7,96,68,64.8,17.3,5.4
North East Hertfordshire,E14001393,23.8,61.9,43.2,33.8,18.7,51,86.8,84.8,81.8,13.2,29.4
North Norfolk,E14001396,12,63.3,49.4,23.6,39.3,75.7,97.9,81.5,72.1,22.3,21.8
North West Cambridgeshire,E14001401,15.3,41.3,43.3,26.1,23.5,44.7,83.2,72.7,71.9,9.8,27.2
North West Essex,E14001402,30.4,64.3,36.1,20.1,18.8,48.8,87.7,76.4,70.8,15.2,26.8
North West Norfolk,E14001405,11.4,55,47.2,18.1,41,65.7,98.6,68.2,66.5,,23
Norwich North,E14001408,25.9,59.3,55.4,25.7,22.2,49.5,95.8,79.7,78.3,23,22.7
Norwich South,E14001409,27.8,66.8,50.2,32.9,25.1,48.4,92.4,77.3,72.3,12.3,37.5
Peterborough,E14001425,7.7,46.5,36.5,22.7,24.6,47.4,82.6,74.4,70,10.4,15.6
Rayleigh and Wickford,E14001437,23.7,46.8,55,18.4,26,52.1,97.4,83.9,83.3,14.9,20.6
South Basildon and East Thurrock,E14001480,19.7,52.3,62.1,20.2,24.3,48.1,87.5,81.6,77.1,11,21.4
South Cambridgeshire,E14001481,13.6,64.2,31.3,39.5,20.4,44.6,78.5,77.3,73.5,11.4,39.3
South Norfolk,E14001489,21.6,66.2,46.4,28.7,24.2,43.5,95.3,74,71,17.5,26
South Suffolk,E14001494,17.1,43.3,62.4,23.7,31.2,60.6,98.5,77.7,72.8,20.3,18.8
South West Hertfordshire,E14001496,29.2,65.1,28.3,22,26.8,47.9,71.8,78.2,78.2,22.4,39.5
South West Norfolk,E14001497,11,52.9,61,23.3,27.5,54.3,97.1,92.3,89.2,13.9,14.9
Southend East and Rochford,E14001501,27.9,53.1,50.8,16.3,25.9,52.6,93.8,87.3,86.2,9.1,23.3
Southend West and Leigh,E14001502,22.3,62.5,50.7,22.1,25.7,53.9,91.7,77,74.2,7.3,27
St Albans,E14001507,19.5,76.9,19.1,20.5,17.3,46.9,77.5,83.1,82.5,22.6,24.9
St Neots and Mid Cambridgeshire,E14001512,12.9,59.1,49.2,18.7,17.2,39,88.8,88.9,83.6,14.7,27.9
Stevenage,E14001516,28.6,54.4,44.9,17.5,21.1,48.9,89.6,83.9,83.9,13.4,15.6
Suffolk Coastal,E14001530,24.5,56.7,55.3,15.4,40.3,65.2,96.8,66.8,66.8,6,20.3
Thurrock,E14001546,13.6,55.3,43.1,17.1,17.8,39.9,73.6,81.3,80,9.1,16.1
Watford,E14001568,9.7,40.2,43.2,20.4,18.5,39.2,69.2,80.8,80.8,13.8,30.4
Waveney Valley,E14001569,26.4,67.8,48.3,12.9,33.9,55.6,96.9,75.8,74.2,,8
Welwyn Hatfield,E14001573,5.2,40.2,43.3,19.5,20.7,34.7,75.9,86.5,85.5,24,25
West Suffolk,E14001578,18,54.9,50,20.2,28.8,51.3,97.2,86.8,84.2,14,24.8
Witham,E14001590,14.4,74.8,50.3,30.8,27.7,52.3,95.6,78.7,78.7,6.4,24.9
Barking,E14001073,15,52.9,22.4,16.2,10.7,27.6,39.1,71.4,67.6,3.6,19.6
Battersea,E14001081,35.7,53.2,30.5,6.8,9.8,23.1,73.1,87.8,79.7,18.5,35.2
Beckenham and Penge,E14001083,30.5,52.9,36.6,20.1,23.4,50.8,77.3,74.6,71.3,9.7,39.4
Bermondsey and Old Southwark,E14001085,27.3,35.6,31.8,16,11.6,32.5,70.4,79,79,,27.4
Bethnal Green and Stepney,E14001086,37.3,65.6,9,23.6,11.4,25.7,38,77.4,76.1,18.2,32.9
Bexleyheath and Crayford,E14001089,19.1,55.8,44.4,24.8,25.4,43.4,80.9,77.4,69.8,5.9,36.4
Brent East,E14001122,17.7,80.3,5.1,24.9,19.7,35,46.6,88.3,85,,29.2
Brent West,E14001123,28,71.6,8.2,14,31.3,52.8,29.9,85.3,85.3,14.8,15.5
Brentford and Isleworth,E14001124,16.5,63.9,5.5,33.5,9.1,31.3,49.8,79.3,77.2,,37.4
Bromley and Biggin Hill,E14001137,30.1,49.9,35.2,28.2,14.6,36.2,65.1,83,81.1,6.5,35.9
Carshalton and Wallington,E14001153,31.3,67.2,24.8,24.2,24.5,59.6,55.8,77.9,75.8,16.5,54.9
Chelsea and Fulham,E14001160,48.7,44,24.5,10.9,14.3,41.1,75.5,72.1,70.2,23,28.6
Chingford and Woodford Green,E14001167,26.8,54.3,33.4,24.5,25,50.9,68.1,80.6,80.1,15.7,19.4
Chipping Barnet,E14001169,12.4,72.2,27.7,28,15.8,32.4,71.5,71.5,67.2,17.7,32.4
Cities of London and Westminster,E14001172,32.3,69.2,11.3,19.5,15.4,37.5,48,74.1,69.2,15.8,21.1
Clapham and Brixton Hill,E14001175,39.3,66,34.7,29.4,8.3,26.3,70.3,80.9,75.5,10.8,57.7
Croydon East,E14001186,7.1,63.2,28.5,38.7,7.9,32.1,49.6,76.7,67,10.1,16.1
Croydon South,E14001187,21.6,59.4,45.2,16.3,19.5,39.3,69.4,93.9,91.1,7.5,26.6
Croydon West,E14001188,30,60.9,29.9,18.2,15,31.4,37.5,84.2,78.9,14.7,33.2
Dagenham and Rainham,E14001189,19.1,53.4,22.6,18.5,12.4,31.3,40.2,80.1,74.5,10.1,20.2
Dulwich and West Norwood,E14001205,32.9,64.3,25.3,28.9,7.4,23.3,74.9,85.9,81.8,15.1,45.2
Ealing Central and Acton,E14001207,43.1,70.7,27.6,25.2,15.5,42.6,74.7,76.3,74,31.9,37.2
Ealing North,E14001208,26.4,47.9,14.2,17.6,22,39.7,55.4,86.8,81.4,24.9,22.4
Ealing Southall,E14001209,49.9,53.1,12.5,,23.8,46.3,58.3,94,94,18,44
East Ham,E14001213,9.2,39.5,8.9,14.6,7.5,27.3,19.7,70.6,65.1,,17.2
Edmonton and Winchmore Hill,E14001221,28,62.1,14.3,17.5,24.1,38.4,45.3,76.5,71.8,8.1,10.2
Eltham and Chislehurst,E14001223,37.4,66.7,29,15.1,27.2,54.6,68.5,71.3,71.3,15.1,43.2
Enfield North,E14001225,22.3,47.9,36.2,26.4,11.5,40.1,56.9,65.2,64.1,6.8,18.7
Erith and Thamesmead,E14001229,18.3,61.2,14.4,26.4,7.9,38.8,44.8,87.4,78,11.4,24.8
Feltham and Heston,E14001236,17.6,50.5,4.6,11.5,5.6,23.4,32.8,67.3,67.3,11.9,16.3
Finchley and Golders Green,E14001238,22.3,56.7,19.4,18.8,18.3,53.1,77.9,85.2,85.2,20.7,44.3
Greenwich and Woolwich,E14001257,29.1,63.5,11.7,21.6,8.2,24.1,57.7,86.2,82.5,9.9,48.8
Hackney North and Stoke Newington,E14001259,36.4,75.9,15,16.9,8.7,28.7,61.2,83.3,73.8,20.1,55.4
Hackney South and Shoreditch,E14001260,31.3,76,7.5,27.7,11.8,31.9,50.1,88,85.7,11.7,37.1
Hammersmith and Chiswick,E14001264,29.4,68.6,16.5,21.5,14,31,74.1,85,81.8,31.6,26
Hampstead and Highgate,E14001265,37.8,60.4,30,12.3,15.1,45,76,78.3,77.1,19.9,32.5
Harrow East,E14001270,24,77.1,24.8,16.8,26.4,43.5,23.6,84.9,84.9,9.2,53.7
Harrow West,E14001271,23.4,58.1,14.7,19.5,21.9,39.1,52.1,82.7,73.8,14.7,31.8
Hayes and Harlington,E14001276,,47.8,20,33.6,17.3,33.9,39.4,64.7,61.4,12.6,
Hendon,E14001279,22.5,57,17.3,25.3,6.9,28.7,49.7,68.3,62.6,8.9,29.2
Holborn and St Pancras,E14001290,21.6,59.9,21.3,18.6,12.7,30.5,56.8,69.8,64.2,22,22.8
Hornchurch and Upminster,E14001292,27.3,53.9,42.2,22.4,19.2,41.8,78.6,85.1,83.3,9.3,27.3
Hornsey and Friern Barnet,E14001293,21.9,63.9,20.9,23.2,22.5,49.8,79.5,76.8,75.2,10,44.7
Ilford North,E14001300,29.4,65.5,17.1,10.9,18.4,34.5,37.5,74.7,71.5,9.7,36.2
Ilford South,E14001301,18.3,58.4,8.6,22.9,10.5,24.5,15.6,72.9,67.3,4.8,23.1
Islington North,E14001305,36.2,69.3,9,15.7,15.2,36.7,67.3,85.9,77.3,11.7,40.8
Islington South and Finsbury,E14001306,38.8,57,10.8,17.9,13.4,30.8,63.2,80.8,74.8,8.3,50.1
Kensington and Bayswater,E14001310,47.2,57.8,16.7,9.6,21,45.3,62.8,72.9,68.4,18.6,35.4
Kingston and Surbiton,E14001312,29.6,65.8,29.4,19.8,21.2,44.2,80.6,88.2,85.1,17.2,29.2
Lewisham East,E14001331,22.7,54.5,35.1,24.2,9.2,31.1,64.1,77.3,68.1,2.7,36.2
Lewisham North,E14001332,27.4,60.9,26.1,36.6,10.9,26.8,56.2,74.8,70.7,16,43.2
Lewisham West and East Dulwich,E14001333,29.1,52,28.9,19.4,13.8,36.8,76.2,92.6,92.6,19.5,28.1
Leyton and Wanstead,E14001334,16.7,53.2,24.6,36.2,11.4,29.3,51.6,81.1,73.6,14,37.9
Mitcham and Morden,E14001371,15,58.8,18,12,12.5,35.3,65.5,89.8,88.4,11.7,20.9
Old Bexley and Sidcup,E14001414,25.5,50.9,45.1,24,22.1,46.8,90.1,83.8,73.6,11.1,17.9
Orpington,E14001417,28.7,51.9,46.5,21.2,25.4,47.2,74.8,80.9,79.1,7.7,28.7
Peckham,E14001421,27.9,61.2,47.1,17.8,12.8,37.3,65.5,73.3,73.3,13.5,42.5
Poplar and Limehouse,E14001430,38.7,68.7,9.4,15.5,9.9,23.7,35.9,77.5,71.4,12.4,37.2
Putney,E14001434,39.4,60,16.7,7.9,8.3,19.1,57.4,82.1,77.5,19.3,40.2
Queen's Park and Maida Vale,E14001435,31.1,67.6,7.5,17.8,17.9,41.2,57.1,70.3,69.5,20.8,24.1
Richmond Park,E14001445,43.2,68.6,21.1,20.4,15.7,39.9,81.2,77.9,75.3,17.1,45.4
Romford,E14001448,25.4,46.4,37,17.3,16,42.4,62.1,82.7,82.7,9.3,17.5
"Ruislip, Northwood and Pinner",E14001454,17.2,46.9,22.3,19.4,20.9,50.3,71.2,90.5,89.6,11.3,29.1
Southgate and Wood Green,E14001503,18.9,67.2,17,12.9,21.6,51,60,68.3,67.2,9.2,51
Stratford and Bow,E14001525,26.8,59.8,9,20.5,10.1,23.9,42.9,69.1,62.9,8.7,38.7
Streatham and Croydon North,E14001527,29,60.7,40.5,19.5,23.2,37.7,68.7,90.3,83.5,16.6,28.1
Sutton and Cheam,E14001534,21.2,47.7,34.3,26,21.9,40.6,70,80.2,70.1,5.5,42.1
Tooting,E14001550,19.7,64,34.8,23.9,17.1,41.9,80.5,94.6,92.6,18,34.9
Tottenham,E14001553,29,61.9,11,20.7,6.5,24,52.4,77.4,72.6,8.6,31.2
Twickenham,E14001556,18.6,69.8,26.8,24,18.8,40.9,88.8,70.9,65.8,14.3,27.6
Uxbridge and South Ruislip,E14001558,26.1,69.9,19.1,20.9,15,42.3,55,76.9,71.7,8.5,32.7
Vauxhall and Camberwell Green,E14001559,25.4,48.1,30.3,45.6,6.1,17.5,60.7,92.1,77.2,16.7,46.1
Walthamstow,E14001563,37.1,65.1,18.7,22.3,7.9,30.6,57.4,80.3,80.3,18.7,25.3
West Ham and Beckton,E14001576,28.7,47.4,15.3,11.3,6.3,23.2,50.5,71.8,69.2,7.8,32.8
Wimbledon,E14001586,39.5,68.8,25,19.3,22.3,44.8,61.4,81.3,78.9,16.7,42.8
Aldershot,E14001063,19.7,73.3,27.3,19.5,16.5,45.6,78.7,89.9,89.9,8.6,17.8
Arundel and South Downs,E14001067,23.9,40.7,53.7,7.7,32.5,59.4,91.9,83.8,80.9,25.6,30.6
Ashford,E14001069,24.4,61.6,52.1,14.9,22.4,46.3,86,70.6,64.7,19.8,15.1
Aylesbury,E14001071,23.1,62.7,30.2,24.3,25.9,50.9,92.7,88.6,80.8,14.6,22
Banbury,E14001072,20.1,47.1,40,15.8,28.2,41.2,92.4,86.8,85.3,17.6,22
Basingstoke,E14001078,20.7,62,57.8,14.5,13.6,44,85,79.9,75.1,20.6,21.5
Beaconsfield,E14001082,25.8,67.8,27,10,18.8,49.2,80.9,78,74.4,26.9,34.5
Bexhill and Battle,E14001088,19.3,41.7,57.3,30.6,42.7,77.6,98.3,66.6,65.5,11.2,23.2
Bicester and Woodstock,E14001090,18.8,64.8,37.2,33.1,20.2,44,91.5,88.8,87.9,9.2,34.6
Bognor Regis and Littlehampton,E14001108,10.7,60.3,59.6,17.6,33.2,53.8,91.9,84.3,76.1,23.5,9.7
Bracknell,E14001117,14.6,69.5,27.3,14.1,19.7,38.9,88,83.5,79.3,17.5,23.8
Brighton Kemptown and Peacehaven,E14001129,6.1,63.6,33.8,31.7,23.8,48.7,91.5,78.1,77.9,11.1,31
Brighton Pavilion,E14001130,18.8,54.8,39.1,31.3,15.3,40.1,92.6,75.7,72.1,10.5,36.2
Buckingham and Bletchley,E14001141,18.3,65.3,29.1,13.8,17,43.5,83,79.8,74.3,11.1,22.1
Canterbury,E14001151,15.2,75.5,39.2,31,24.7,45.2,94.2,70.7,63.6,9.3,39.2
Chatham and Aylesford,E14001157,13.1,48,70,13.7,19.3,46.3,93.2,83.9,82.1,17.4,9.8
Chesham and Amersham,E14001162,29.8,64.8,37.3,16.5,24.3,55.3,92.3,81.8,79,14.7,40.9
Chichester,E14001166,20.9,52.4,56.7,32.2,34.6,65.9,99.1,64.9,64.9,16.3,30.1
Crawley,E14001184,21,44.2,41.3,11.1,15.4,41.6,78.6,83.8,82.7,13.7,19.8
Dartford,E14001191,15.4,51.5,33.2,29.6,13.7,33.9,62.8,79.4,78.6,7.1,33.8
Didcot and Wantage,E14001197,30.8,51.2,53.7,26.9,25.8,43.4,90.9,88.5,86.2,9.4,41.9
Dorking and Horley,E14001201,22.9,64,43.1,24,23.8,52,96.6,86.4,85,9.5,32.3
Dover and Deal,E14001202,11.4,57.7,65.3,25.4,23.8,56.7,96.5,73.4,73.4,9.5,21.3
Earley and Woodley,E14001210,16.1,65.5,29.7,19.1,18,38.2,71.6,82.6,80.7,12.3,36.2
East Grinstead and Uckfield,E14001212,13.9,57,55,18.2,28.8,51,95.7,79.5,78.1,11.3,27.2
East Hampshire,E14001214,8.5,64.1,47,22.6,22.3,48.9,100,87,87,21.6,38.5
East Surrey,E14001215,26.3,70.9,47,18,27.5,50.4,92.7,80.4,78.8,19.7,22.8
East Thanet,E14001216,27.3,62.8,53.9,14.8,38.2,55.1,99.2,71.6,64,23.4,18.8
East Worthing and Shoreham,E14001218,4.9,53.1,74.7,24.6,25.3,57.5,94.3,81.3,77.3,13.6,7
Eastbourne,E14001219,21.9,37.9,44.6,14.6,31.7,52.5,83.9,83.6,83,7.4,35.2
Eastleigh,E14001220,12.5,62.8,52.9,25.7,18.1,48,94.4,80.9,80.9,15.6,28
Epsom and Ewell,E14001227,21.6,63.1,27.9,14.3,26,51.2,91.9,88.8,86.6,11.8,37.7
Esher and Walton,E14001230,30.2,68.3,40.4,13.6,22.2,35.9,87.3,80.7,77.4,27.5,39.4
Fareham and Waterlooville,E14001233,22.1,64.1,49,17.6,28.2,58.3,98.7,79.6,74.4,6.2,29.4
Farnham and Bordon,E14001234,23.6,76.2,31.5,13.8,27.6,57.4,93.7,76.5,74.2,11.7,31.7
Faversham and Mid Kent,E14001235,21.4,65.1,41.9,13.9,32.2,59.2,98.5,80.3,80.3,8.5,25.9
Folkestone and Hythe,E14001239,,46.9,50.5,20.1,31.9,54.8,97.5,81,77.2,5.2,32
Gillingham and Rainham,E14001246,17.4,62.9,62,33.3,23.1,44.4,84.2,82.2,78.9,8.1,27.3
Godalming and Ash,E14001249,33.2,55.2,42.6,22.8,27.8,57.4,98.7,83.1,83.1,23.6,39.1
Gosport,E14001252,8,69,53.4,33.9,22.6,52.9,97.6,83.3,82.5,9.1,15.7
Gravesham,E14001254,7.2,43.3,61.5,17.1,24.8,61.5,87.2,83.2,78.6,12.2,17
Guildford,E14001258,31.7,61.5,34.2,14.5,21.6,43,86.5,85.7,81.8,8.6,55.8
Hamble Valley,E14001263,20.1,56.3,55.2,26.8,24.7,49.5,98.1,90,88.7,9.3,31.9
Hastings and Rye,E14001274,12.8,53.7,45.6,19.5,19.5,47.3,95.5,84.2,73.9,21.3,21.8
Havant,E14001275,9,57.1,55.1,22.2,26.5,48.3,92.2,73.5,71.9,14.3,20.7
Henley and Thame,E14001280,21.7,65,47,22.3,30.7,56.6,95.6,82.4,81.2,16,37.6
Herne Bay and Sandwich,E14001282,8,66.4,54,29.1,24.9,54.4,93.4,74.7,72.8,13.3,19.9
Horsham,E14001294,19.2,56.7,47.8,18.9,26.8,57.1,97.7,79.1,75.3,14.5,17.2
Hove and Portslade,E14001296,21.4,62.1,46.6,25.3,19.3,40.8,96.5,86.5,81.2,7.2,46.4
Isle of Wight East,E14001303,20.9,58.4,43.3,23.9,34.1,64.7,95.3,67.9,66,7.4,28
Isle of Wight West,E14001304,12.9,53.5,46.4,21.8,41.3,67.2,95.4,81.1,76.7,7.4,15.6
Lewes,E14001330,17.1,44.3,53.8,16.8,26.3,57.1,95.7,84.3,83.7,10.1,25.6
Maidenhead,E14001348,22.4,59.3,33.7,15.6,22.7,51.9,86.3,87.7,84.4,18,36.2
Maidstone and Malling,E14001349,14.2,65.7,43.1,21.3,15.7,43.7,85.3,85.6,83.9,,29.6
Mid Buckinghamshire,E14001360,25.6,65.2,52.4,19.8,26.2,56.8,89.8,90.6,90.6,14.4,25.8
Mid Sussex,E14001366,34.2,54.9,54.9,23.1,24.6,50.8,94.4,88.1,86.3,14.3,22.4
Milton Keynes Central,E14001369,20.6,53.8,30.2,19.1,17.2,44.1,75.5,77,75.7,13.7,24.5
Milton Keynes North,E14001370,26.4,64.8,35.8,19.8,24.8,49,80.5,80.8,79.2,16.5,26.2
New Forest East,E14001373,12,54,54,28.1,29.8,56.9,99.5,80.7,78.7,8.5,20.2
New Forest West,E14001374,24.3,52.6,51.4,22.2,34.2,56.9,96.2,90.5,89.6,15.6,21.2
Newbury,E14001376,18.7,67.6,43.8,13.7,26.9,51.1,89.5,84.9,82.8,13.5,28.4
North East Hampshire,E14001392,23.9,74.2,34.6,11,23.2,44,91.2,89.3,87.6,13.1,36
North West Hampshire,E14001403,21.4,69.8,47.2,21.5,20.5,49.2,94.9,86.9,86.4,13.7,19.7
Oxford East,E14001419,6.1,47.2,33.8,49.1,20.6,48.5,78,79.5,74.8,13.7,44.9
Oxford West and Abingdon,E14001420,9.5,54.7,36.3,50.7,20.4,42,80.9,90.1,88.5,7.8,45.3
Portsmouth North,E14001431,20.5,59,59.3,29.1,26.1,48.6,93.3,82.2,76.9,16.1,20.8
Portsmouth South,E14001432,15.9,53.3,41.5,24.9,20.9,44.4,86.3,81.6,78.5,10.6,27.6
Reading Central,E14001438,21.2,57.7,24.3,17.3,9.8,28.8,68.8,90.3,89.2,7.6,41.6
Reading West and Mid Berkshire,E14001439,14.5,57.8,41.5,22.6,22.6,50,85.7,86.6,83.7,19.9,29.1
Reigate,E14001442,22.8,71.6,25.7,24.3,28,53.5,85.6,86.9,85.9,18.3,28.6
Rochester and Strood,E14001447,15,64.1,52.3,17.9,20.6,45.3,89,86.3,81,15.7,29.2
Romsey and Southampton North,E14001449,14.1,59.9,58.7,24.2,36.1,63.8,96.1,85.7,84.3,14.2,29.9
Runnymede and Weybridge,E14001456,23.9,64,20.5,24.3,19.3,38.2,82,80.6,79.2,8.3,41.2
Sevenoaks,E14001465,44.8,67.4,44.5,12.7,28.4,54.9,91.7,78.8,76,28.2,23.1
Sittingbourne and Sheppey,E14001474,7.8,43.8,71.9,15.9,20.2,38.9,97.7,85.4,79.9,6.2,13.8
Slough,E14001477,14.9,57.1,19,16.7,13.9,35.4,36.3,77.7,73.1,6.8,27.5
Southampton Itchen,E14001499,19.1,45.8,50,24.6,25.9,38.8,86.1,81.7,78.1,15,14.3
Southampton Test,E14001500,11,47,47.1,26.7,15.5,35.8,83.5,75.7,73.5,5.7,30.4
Spelthorne,E14001505,13.6,51.2,40,14.6,21.7,49.5,83,77.8,77.1,9.1,22.4
Surrey Heath,E14001532,22.2,75.6,28.2,11.3,21.8,52.5,93.4,88.2,85.6,17.3,28.3
Sussex Weald,E14001533,20.8,69.4,33.5,12.5,26.7,52.2,95.9,82.9,77.9,17.9,20.8
Tonbridge,E14001549,24.2,71.4,47.2,8.8,34.3,59.2,96.5,91.4,87.6,18.4,28.3
Tunbridge Wells,E14001555,28.6,71.5,24.2,17.4,22.2,46.2,89.3,85.5,83.2,8.3,34.4
Weald of Kent,E14001570,20.4,60.2,38.1,6.7,24.6,54,95.4,82,80.6,7.5,27
Winchester,E14001587,17.1,71.9,55.4,27.2,24.5,50.1,93.3,86.6,86.6,16.4,33.5
Windsor,E14001588,20.3,50.9,38.3,17.3,21.7,47.2,79.7,77.2,73.9,9.7,35.4
Witney,E14001591,23.4,46.5,46,13.2,24.6,56.5,88.4,91.8,91.8,8,29.4
Woking,E14001592,23.1,65.2,26.8,22.6,26.1,52.7,82.2,87.6,84.7,19.9,35.6
Wokingham,E14001593,25.3,61.4,36.1,18.6,25.9,51.6,87.4,82.9,80.1,16.8,38.5
Worthing West,E14001599,30.2,58.2,59.1,19,33.1,51.8,96.9,83.1,81.1,25.9,14.5
Wycombe,E14001600,19.8,64,31.3,21.9,18.2,34,68.4,80.1,76.6,11.3,29.5
Bath,E14001080,14.1,67.8,37.9,24.1,19.6,42,89.8,76.4,74.2,9.9,37.6
Bournemouth East,E14001115,23.7,62.1,27.3,24.6,23.2,45.8,86.2,76.3,74.4,11.5,28.6
Bournemouth West,E14001116,14.3,63.1,29.6,18.5,19.5,37.7,93.3,72.4,70,10.2,23.4
Bridgwater,E14001126,13,59.2,69.2,25.2,31.4,57.7,99.1,84,78.9,9.6,12.9
Bristol Central,E14001131,24.8,68.5,16.4,30.4,9.8,33.5,91.7,71.9,69,16.2,50.7
Bristol East,E14001132,21.9,56.6,26.4,19.7,13.9,27.2,71.4,85.1,82.8,7.1,32.1
Bristol North East,E14001133,22.1,60.6,38.8,21.4,16.5,41.9,87.7,76.1,73.3,4.7,28.8
Bristol North West,E14001134,20.5,64.3,37.6,33.5,15.5,32.8,92.6,85.3,82.6,12.2,39.1
Bristol South,E14001135,32.7,63.5,35.4,22.3,14.2,33.7,92.7,82.8,80.3,9.2,29
Camborne and Redruth,E14001148,14.4,39.4,30.2,38.3,29.8,50.4,100,82.7,80,5.2,36.1
Central Devon,E14001155,15.4,73.8,34.9,15.5,31.4,62.1,100,76.4,73.5,10.8,21.7
Cheltenham,E14001161,15.3,42.3,52.8,18.4,23.4,51.1,90.4,84.8,83,2.9,35.6
Chippenham,E14001168,13.1,65.2,45.6,27.8,23.4,50.5,94.6,78,77.3,11.8,32.5
Christchurch,E14001171,19.4,77.6,29.3,29.6,45.2,69.7,97.9,77,76.1,15.1,30.1
East Wiltshire,E14001217,15.4,70.9,54.1,38.6,23.9,47,97,88.1,86.2,16.5,26.5
Exeter,E14001231,14.7,69.2,38.9,50.5,16.6,37.1,89.7,76.2,76.2,6.7,38.7
Exmouth and Exeter East,E14001232,14.1,79.7,22,23.7,27.8,48.6,96.9,84.3,80.8,15.5,15.6
Filton and Bradley Stoke,E14001237,19.3,69.1,39,25,19.2,39.9,89.4,90.7,88.7,5.6,38.5
Forest of Dean,E14001240,28.8,47.7,57.6,16.1,32.3,63.4,99.6,83.3,82.3,16.5,29.8
Frome and East Somerset,E14001241,14.8,55.5,57.9,12.9,24.9,50.1,97.4,82.2,81.8,10,20.9
Glastonbury and Somerton,E14001247,21.6,70,51.6,17.5,30.6,61.2,99.7,81,79.4,18.9,29.5
Gloucester,E14001248,15.5,39.4,51.7,26.9,17.4,43.1,82.1,92.8,90.6,9.1,28.5
Honiton and Sidmouth,E14001291,26.1,61.1,54.2,15.8,32.1,64.9,98.1,79.2,77.9,12.2,21.2
Melksham and Devizes,E14001356,18.9,65.3,48.9,27.9,25.5,49,98.8,85.4,82.2,11.8,28.8
Mid Dorset and North Poole,E14001363,16.4,61.2,50.2,22.9,31.8,60.6,99,87.6,86.1,11.2,24
Newton Abbot,E14001381,17.1,75.2,45.2,25.4,29.3,58.4,100,79.3,79.3,11.3,24
North Cornwall,E14001385,15.1,34.3,52.8,26.4,38.3,65.6,98,73.2,73.2,6.4,16.6
North Cotswolds,E14001386,24.3,53.5,47.8,12.1,28.1,55.3,99.1,76.4,76.4,21.7,26.2
North Devon,E14001387,11,60.3,38.4,27,28.5,56.5,94.8,75.3,75.3,13.9,22.6
North Dorset,E14001388,28.1,61,51,25.1,34.1,62,99.7,87.3,86.5,9.2,25.3
North East Somerset and Hanham,E14001394,21.8,65.7,43.2,24.5,26.3,51.1,93.8,82.5,80.8,12.4,29.9
North Somerset,E14001399,22.7,70.1,45,22.3,37.5,59.6,98.5,84.7,83.4,14.5,24.5
Plymouth Moor View,E14001426,5.5,46.5,62.6,16.5,27,50.2,97.9,81.4,79,4.3,15.4
Plymouth Sutton and Devonport,E14001427,11.9,50.1,42.1,17.8,14.2,32,87.3,72.5,70.5,12.5,23.4
Poole,E14001429,15,64.4,38.7,20.3,27.2,52.4,94.5,79.7,78.1,6.6,29
Salisbury,E14001460,21.8,71.1,49.8,30.4,28.5,61.4,94.8,80.2,80.2,11.9,33.7
South Cotswolds,E14001482,17.8,68.7,37.9,13.7,29.3,68.2,94.2,82.6,78.9,15.4,24.7
South Devon,E14001484,13.3,63.1,44.1,15.3,32.1,58.9,99.6,80.4,77.3,19.5,23.6
South Dorset,E14001485,11.9,50.3,60.7,21.6,30,60.3,100,77.5,75.9,15,14.4
South East Cornwall,E14001486,11.3,46.1,38.4,20.5,29.6,59.6,96.9,76.5,75.7,6.8,21.4
South West Devon,E14001495,10.7,46.6,54.7,6.3,38.1,58.9,98.1,81.2,79.8,8.3,35.3
South West Wiltshire,E14001498,12.6,63.9,51.1,20.5,31.2,58.9,100,82.2,80.4,6.5,28
St Austell and Newquay,E14001508,13.1,38.5,30.6,24.7,25.2,56.6,100,78.1,76.5,8.8,11.2
St Ives,E14001511,20.8,43,33.7,15.2,33.3,54.6,98.2,74.5,72.6,11.2,16.5
Stroud,E14001529,19.7,66.1,44.4,18.6,28.8,57.2,96.5,86,84,6.9,22.8
Swindon North,E14001536,16.7,52.8,38.1,22.3,26.1,51.7,90.6,80.4,78.6,11.9,25.9
Swindon South,E14001537,21.9,53,36.8,19.9,18.8,42.2,82.2,87.6,84.7,6.1,29.4
Taunton and Wellington,E14001540,15,70.2,56,28.6,26.1,57.3,95.5,86,83.8,3.6,26.6
Tewkesbury,E14001542,6.2,67.3,40.2,26.2,31.6,49,94.8,80.2,77.4,21.1,14.5
Thornbury and Yate,E14001545,19.4,68.7,36,28.9,29.4,55,96.9,86.7,86.7,8.5,29.8
Tiverton and Minehead,E14001548,18.4,68.7,48.5,13.4,33.6,64.4,97.6,85,82.8,14.2,10.5
Torbay,E14001551,10.7,61.9,42,24.9,32.7,58.2,96.6,79,77.6,10.9,20.3
Torridge and Tavistock,E14001552,13,46,55.9,14.9,33.2,65.3,99.4,75.9,75.9,8.5,19.6
Truro and Falmouth,E14001554,4.9,50.1,23.8,19.3,35.9,58.9,97.7,73.5,73.5,11.9,31.1
Wells and Mendip Hills,E14001572,24.6,68.4,59.7,10.1,31.1,50.7,96.6,79.3,78.4,11.1,18.2
West Dorset,E14001575,14.5,39.5,62.8,18.6,36.2,63.8,98.8,81.4,79.1,8.8,19.3
WestonsuperMare,E14001581,13.1,68.6,44.7,25.2,28.1,51.7,98.3,79,74.2,6.4,15.2
Yeovil,E14001603,14,67.8,50.8,26,32.7,55.2,98.3,74.6,73.6,11.2,24.8
Aberafan Maesteg,W07000081,10.5,22.7,5.9,28.2,24.7,50.2,99.2,67.5,64.7,8.2,14.4
Alyn and Deeside,W07000082,15,53,14.1,23.4,21.7,47.5,94,82.8,80.9,7,23.3
Bangor Aberconwy,W07000083,11.5,41.6,12.4,29,31.1,56.8,95.9,72.1,70.6,10.5,19.4
Blaenau Gwent and Rhymney,W07000084,12.9,29.9,2.5,29.8,24.4,49.7,98.8,76.2,72.2,6.6,16.5
"Brecon, Radnor and Cwm Tawe",W07000085,17.2,41,9.7,29.5,29.8,55.5,98.1,72.9,69.9,14.4,20.1
Bridgend,W07000086,17.8,25,8.8,33.9,29.3,53.5,98.1,67.9,66.4,9.9,23.8
Caerfyrddin,W07000087,14.3,35,8.3,33.4,28.4,55.5,97.6,79.5,77.5,9.6,22
Caerphilly,W07000088,13.4,28.8,4.8,41.5,21.5,50.3,98.7,77.5,76.7,9.3,25.8
Cardiff East,W07000089,26,34.6,4.3,22.9,20.8,36.9,73.8,78.9,76.8,11.4,30.4
Cardiff North,W07000090,22,43.3,4,40.7,21.3,50,94.5,75.8,73.4,6.7,42.9
Cardiff South and Penarth,W07000091,21.1,47.4,4.3,32,15,35.6,85,85.7,81.1,10.9,23.9
Cardiff West,W07000092,32.5,36.4,2,33.2,15,39,96.2,72.9,72,7.4,39
Ceredigion Preseli,W07000093,10.6,38,14.4,32.3,29.7,54.5,98.2,72.6,71,8.7,29.7
Clwyd East,W07000094,17.1,58.8,14.1,25.8,33.3,58.5,99.7,79.1,77.3,12.5,24
Clwyd North,W07000095,14.2,45.5,16.5,33.8,27.3,52.9,94.5,75.7,74.5,7.8,19.6
Dwyfor Meirionnydd,W07000096,10.5,17.3,10.5,29.2,28.8,55.8,98.2,75.1,71.9,9.4,21.1
Gower,W07000097,11,37.5,5.1,42.9,28.2,53.9,97.5,81.4,76.8,8.7,25.9
Llanelli,W07000098,14,26,7,35.3,27.6,51.2,98.3,67.7,65.9,5.4,16.7
Merthyr Tydfil and Aberdare,W07000099,13.1,23.2,4,35.4,24.6,50.6,97.7,74.8,70.4,7.1,17.9
Mid and South Pembrokeshire,W07000100,11.6,42.6,7.5,25.7,31.7,53.9,98.6,73.9,71.9,10.7,15.3
Monmouthshire,W07000101,18.4,42.2,16.5,26.9,32,60.4,98.8,78.9,76.2,12.1,28.9
Montgomeryshire and Glyndwr,W07000102,16.4,35.1,11.7,21.1,31.1,59,98.8,84.2,81.4,6.3,19.3
Neath and Swansea East,W07000103,13.6,28.9,3.9,32,23.2,49.1,94.7,76.9,76,8.5,16.7
Newport East,W07000104,13.1,31,7.4,31.8,21.3,42.8,86,73.5,69.6,5.3,17.8
Newport West and Islwyn,W07000105,17.4,35.7,7.4,37.9,23.7,46.4,95.5,79.1,77.5,6.6,28.2
Pontypridd,W07000106,16.9,20.9,6,30.6,22.7,45.8,92.1,72,67.5,6.4,16.4
Rhondda and Ogmore,W07000107,12.9,29.2,4.9,29.8,21,46.2,98.5,66.6,64.9,8.4,17.4
Swansea West,W07000108,14.2,41.2,6.8,38.7,20.6,44.5,91.3,67.9,65.9,7.6,25.9
Torfaen,W07000109,14,24,8.6,28.4,27.2,52.8,98.8,77.5,75.6,9.3,19.9
Vale of Glamorgan,W07000110,15.1,42,3.3,25.4,29.2,43.6,97.3,75.2,74.8,9.4,22.2
Wrexham,W07000111,13.6,39.2,12.6,29,23.4,48.5,92.7,82.3,78.5,13.1,25.3
Ynys Mon,W07000112,10,34,11.2,36.6,33,54,97.5,77.5,73.6,12.8,19.4
"Ayr, Carrick and Cumnock",S14000006,7.4,35.8,4.9,33.3,29.5,57,98.3,73.6,69.4,7.8,17.4
"Berwickshire, Roxburgh and Selkirk",S14000008,14.2,31,7.9,28.2,31.1,62.8,99.7,78.2,71.6,8.8,16.6
Central Ayrshire,S14000010,7.8,49.1,3.3,38.1,33.4,58.5,96.1,69.4,65.1,7.3,18.7
East Renfrewshire,S14000021,19.1,33.9,1.7,32.6,26.2,49.4,91.1,82.1,79.7,12,40.8
Na hEileanan an Iar,S14000027,10.8,24.6,2.7,31.9,37.5,79.8,100,80.7,79.2,3.9,23.8
Kilmarnock and Loudoun,S14000040,19.9,36.6,3.2,31.3,28.6,53.6,98.9,76.3,74.9,9.3,21.1
Midlothian,S14000045,19.4,21.9,3.3,28.1,21.3,43.1,97.6,85.5,83.3,8.7,26.5
North Ayrshire and Arran,S14000048,19.1,31.3,3.8,27.8,33.4,59.7,98.6,70.6,68.8,8.2,26.1
Orkney and Shetland,S14000051,,27,1.7,52.7,37,68.3,100,83.7,83.7,9,14.8
West Aberdeenshire and Kincardine,S14000058,11.7,34.4,,14.3,27.1,61.7,99.1,88.4,88.4,12.2,25.3
Aberdeen North,S14000060,14.7,10.5,3.4,25,14.5,34.9,83.5,81.7,78.3,4.2,30.6
Aberdeen South,S14000061,9.6,18.2,2.5,32.2,18.1,37.1,90.6,79,73.1,9.7,41.4
Aberdeenshire North and Moray East,S14000062,8.2,21.8,2.5,18,28.6,48.6,97,78.3,76.3,5.4,15.2
Airdrie and Shotts,S14000063,9.7,13.5,,36,24.2,47.9,98.6,76.6,75.4,10.4,22.3
Alloa and Grangemouth,S14000064,15.4,26.6,1,29.6,24.1,53.3,96.8,74.4,71.5,5.8,15.8
Angus and Perthshire Glens,S14000065,12.4,33.7,4.2,23.9,30.9,59.7,98.1,67.6,65.5,5.9,18.8
Arbroath and Broughty Ferry,S14000066,16.4,27.5,5.3,45,36.9,57.7,99.4,81.5,76.9,2,21.5
"Argyll, Bute and South Lochaber",S14000067,12.9,40,5.7,33.2,31.2,61.2,98.7,77.7,75.7,13.7,20.6
Bathgate and Linlithgow,S14000068,19.6,26.9,1.7,25,20,43.6,95.9,77.7,76.1,6.1,29
"Caithness, Sutherland and Easter Ross",S14000069,7.7,30.3,6.5,29,42.1,85,100,76.5,76.5,8.5,18.4
Coatbridge and Bellshill,S14000070,12.4,22.3,,14.8,18.1,41.4,97.3,76.7,75.6,5.8,13.7
Cowdenbeath and Kirkcaldy,S14000071,20.1,28.9,1,30.1,29,55.3,99.6,73.2,72.6,4.8,32.5
Cumbernauld and Kirkintilloch,S14000072,10.5,33.8,3.3,45.1,32.1,52.3,88.3,72.9,69.8,3,34.5
Dumfries and Galloway,S14000073,15.3,40.8,5.7,20.4,39.9,60.8,100,76.5,72.8,8.7,12.9
"Dumfriesshire, Clydesdale and Tweeddale",S14000074,15.4,42.2,4.4,19.5,26.7,58.9,99.3,83.7,83,11.5,25.4
Dundee Central,S14000075,13.5,23.7,2.7,39.2,19,39.6,91,72.5,64.8,5.2,22.6
Dunfermline and Dollar,S14000076,19.3,30.9,3.1,27.6,18,47.3,98.4,84.8,79.8,8.6,25.4
East Kilbride and Strathaven,S14000077,21.5,21.6,1.8,27.6,21.7,52.1,96.7,80,77.8,8.5,31
Edinburgh East and Musselburgh,S14000078,17.5,16.8,7.4,24,12.8,32.1,73.5,70.5,67.9,7.3,24.2
Edinburgh North and Leith,S14000079,17.6,23.9,11.7,31.9,12.4,28.7,87.3,80.2,75,14,49.1
Edinburgh South,S14000080,22.1,42.2,5.7,27.8,16.2,35,88.2,89.1,84,12.3,37.1
Edinburgh South West,S14000081,38.1,27,3.4,13.9,16.7,40.1,84.7,82.6,79.9,9.1,33.1
Edinburgh West,S14000082,40.9,35.7,2.6,25.2,20.5,46.8,95.5,89.1,88.4,13.3,38.1
Falkirk,S14000083,16.3,27.5,3.8,22.4,23.4,44.8,96.2,73,68.7,10.5,21.7
Glasgow East,S14000084,26.2,20.2,,28.5,10.1,33.4,85,71.3,63.6,,30.2
Glasgow North,S14000085,21.9,34.7,2.8,29.6,9.3,32.8,74.3,72.7,70.1,,47.3
Glasgow North East,S14000086,20.3,35.2,,32.3,15.4,39.5,92.1,67.4,67.4,10.3,20.3
Glasgow South,S14000087,37.1,35.4,,32.7,10.1,31,86.7,73.6,72.6,5.7,38.7
Glasgow South West,S14000088,20.1,19.9,,53.8,14.5,41.9,85.5,73.4,69.6,,18
Glasgow West,S14000089,28.9,35.5,,30.9,13,30.9,75.4,72.7,64.5,6.3,22.1
Glenrothes and Mid Fife,S14000090,13.5,20.6,,25.4,22.7,48.2,99.4,79.4,76.6,2.8,10.8
Gordon and Buchan,S14000091,8.6,41,3.3,19.1,22.7,53.8,98.3,85.1,83.7,14,23.7
Hamilton and Clyde Valley,S14000092,12.6,28.3,5.4,31.3,31.2,51.6,92.9,72.7,72.7,14.7,33.3
Inverclyde and Renfrewshire West,S14000093,16.1,23.6,1.3,35.2,26.6,49.8,97.5,72.6,68.7,10.8,30.4
"Inverness, Skye and West Rossshire",S14000094,6.6,25.4,2.4,29.9,27.5,63.2,100,80.5,80.5,8,18.1
Livingston,S14000095,13.7,18.3,0.7,26.2,15.6,38.7,94.2,75.3,71.5,6.2,15.8
Lothian East,S14000096,18.1,28.5,4.1,28.2,27.5,52.4,98.4,82.3,78.1,11.8,28.3
Mid Dunbartonshire,S14000097,18.9,28.9,2.1,33.5,27.7,52.7,97.9,77.6,76.6,12.1,31.4
"Moray West, Nairn and Strathspey",S14000098,9,40.6,4.9,32.4,32.3,62.6,99.2,79,77,9.2,23.6
"Motherwell, Wishaw and Carluke",S14000099,11.8,18.9,,37.5,15.4,46.3,99.4,73.1,70.1,5.6,16.6
North East Fife,S14000100,12,29,1.8,33.5,20.7,50.7,97.3,77.1,75.8,8.7,28.4
Paisley and Renfrewshire North,S14000101,18,24.3,,21.9,25.7,49.3,94.1,70.6,68.2,2.2,22
Paisley and Renfrewshire South,S14000102,16.2,29.9,2,27.9,23.6,52.1,96.2,78.4,77.5,6.6,20.5
Perth and Kinrossshire,S14000103,13.7,34.7,4.6,31.5,25.7,53.9,98.3,75.4,74.5,12.9,24.3
Rutherglen,S14000104,18,24.8,,31.7,21.2,45.3,94.7,75.8,75.8,7.6,21.3
Stirling and Strathallan,S14000105,16.5,39.5,1.8,25.5,23.4,52.1,95.9,81.8,79.2,10.8,25.6
West Dunbartonshire,S14000106,21.7,20.7,0.9,32.7,25.4,51.5,97.1,74.4,72.3,13,14.5
Belfast East,N05000001,,,,,,,,,,,
Belfast North,N05000002,,,,,,,,,,,
Belfast South and Mid Down,N05000003,,,,,,,,,,,
Belfast West,N05000004,,,,,,,,,,,
East Antrim,N05000005,,,,,,,,,,,
East Londonderry,N05000006,,,,,,,,,,,
Fermanagh and South Tyrone,N05000007,,,,,,,,,,,
Foyle,N05000008,,,,,,,,,,,
Lagan Valley,N05000009,,,,,,,,,,,
Mid Ulster,N05000010,,,,,,,,,,,
Newry and Armagh,N05000011,,,,,,,,,,,
North Antrim,N05000012,,,,,,,,,,,
North Down,N05000013,,,,,,,,,,,
South Antrim,N05000014,,,,,,,,,,,
South Down,N05000015,,,,,,,,,,,
Strangford,N05000016,,,,,,,,,,,
Upper Bann,N05000017,,,,,,,,,,,
West Tyrone,N05000018,,,,,,,,,,,